location,age_group_id,mean
AFG,34,0.196
AFG,36,0.19
AFG,6,0.192
AFG,7,0.212
AFG,8,0.159
AFG,9,0.241
AFG,38,0.459
AFG,10,0.323
AFG,11,0.399
AFG,12,0.455
AFG,13,0.505
AFG,14,0.524
AFG,15,0.57
AFG,16,0.589
AFG,17,0.596
AFG,18,0.578
AFG,19,0.564
AFG,20,0.528
AFG,21,0.458
AGO,34,0.195
AGO,36,0.182
AGO,6,0.192
AGO,7,0.196
AGO,8,0.145
AGO,9,0.237
AGO,38,0.462
AGO,10,0.331
AGO,11,0.402
AGO,12,0.454
AGO,13,0.497
AGO,14,0.528
AGO,15,0.572
AGO,16,0.592
AGO,17,0.6
AGO,18,0.583
AGO,19,0.572
AGO,20,0.542
AGO,21,0.478
ALB,34,0.396
ALB,36,0.298
ALB,6,0.366
ALB,7,0.255
ALB,8,0.184
ALB,9,0.247
ALB,38,0.51
ALB,10,0.419
ALB,11,0.559
ALB,12,0.602
ALB,13,0.637
ALB,14,0.676
ALB,15,0.571
ALB,16,0.508
ALB,17,0.524
ALB,18,0.511
ALB,19,0.497
ALB,20,0.46
ALB,21,0.396
AND,34,0.177
AND,36,0.171
AND,6,0.213
AND,7,0.179
AND,8,0.112
AND,9,0.185
AND,38,0.354
AND,10,0.244
AND,11,0.283
AND,12,0.33
AND,13,0.365
AND,14,0.392
AND,15,0.419
AND,16,0.454
AND,17,0.469
AND,18,0.469
AND,19,0.478
AND,20,0.508
AND,21,0.47
ARE,34,0.209
ARE,36,0.312
ARE,6,0.236
ARE,7,0.411
ARE,8,0.384
ARE,9,0.491
ARE,38,0.647
ARE,10,0.578
ARE,11,0.658
ARE,12,0.728
ARE,13,0.772
ARE,14,0.697
ARE,15,0.722
ARE,16,0.735
ARE,17,0.666
ARE,18,0.643
ARE,19,0.632
ARE,20,0.476
ARE,21,0.409
ARG,34,0.269
ARG,36,0.264
ARG,6,0.26
ARG,7,0.277
ARG,8,0.251
ARG,9,0.327
ARG,38,0.521
ARG,10,0.416
ARG,11,0.503
ARG,12,0.514
ARG,13,0.541
ARG,14,0.546
ARG,15,0.567
ARG,16,0.587
ARG,17,0.643
ARG,18,0.657
ARG,19,0.649
ARG,20,0.637
ARG,21,0.611
ARM,34,0.311
ARM,36,0.236
ARM,6,0.276
ARM,7,0.219
ARM,8,0.145
ARM,9,0.168
ARM,38,0.53
ARM,10,0.307
ARM,11,0.457
ARM,12,0.547
ARM,13,0.599
ARM,14,0.656
ARM,15,0.682
ARM,16,0.699
ARM,17,0.707
ARM,18,0.695
ARM,19,0.689
ARM,20,0.663
ARM,21,0.624
ATG,34,0.158
ATG,36,0.158
ATG,6,0.166
ATG,7,0.175
ATG,8,0.133
ATG,9,0.218
ATG,38,0.428
ATG,10,0.304
ATG,11,0.367
ATG,12,0.422
ATG,13,0.469
ATG,14,0.493
ATG,15,0.536
ATG,16,0.552
ATG,17,0.556
ATG,18,0.536
ATG,19,0.532
ATG,20,0.493
ATG,21,0.437
AUS,34,0.198
AUS,36,0.237
AUS,6,0.242
AUS,7,0.287
AUS,8,0.216
AUS,9,0.405
AUS,38,0.621
AUS,10,0.481
AUS,11,0.558
AUS,12,0.595
AUS,13,0.653
AUS,14,0.684
AUS,15,0.724
AUS,16,0.75
AUS,17,0.766
AUS,18,0.771
AUS,19,0.772
AUS,20,0.729
AUS,21,0.626
AUT,34,0.179
AUT,36,0.176
AUT,6,0.172
AUT,7,0.197
AUT,8,0.155
AUT,9,0.288
AUT,38,0.512
AUT,10,0.377
AUT,11,0.412
AUT,12,0.463
AUT,13,0.526
AUT,14,0.557
AUT,15,0.62
AUT,16,0.653
AUT,17,0.675
AUT,18,0.681
AUT,19,0.697
AUT,20,0.667
AUT,21,0.622
AZE,34,0.307
AZE,36,0.24
AZE,6,0.266
AZE,7,0.229
AZE,8,0.165
AZE,9,0.255
AZE,38,0.634
AZE,10,0.424
AZE,11,0.548
AZE,12,0.666
AZE,13,0.715
AZE,14,0.744
AZE,15,0.753
AZE,16,0.819
AZE,17,0.821
AZE,18,0.813
AZE,19,0.807
AZE,20,0.784
AZE,21,0.74
BDI,34,0.097
BDI,36,0.081
BDI,6,0.087
BDI,7,0.082
BDI,8,0.06
BDI,9,0.083
BDI,38,0.165
BDI,10,0.119
BDI,11,0.144
BDI,12,0.161
BDI,13,0.173
BDI,14,0.183
BDI,15,0.209
BDI,16,0.22
BDI,17,0.226
BDI,18,0.215
BDI,19,0.21
BDI,20,0.19
BDI,21,0.149
BEL,34,0.212
BEL,36,0.197
BEL,6,0.21
BEL,7,0.194
BEL,8,0.172
BEL,9,0.285
BEL,38,0.526
BEL,10,0.382
BEL,11,0.464
BEL,12,0.49
BEL,13,0.537
BEL,14,0.586
BEL,15,0.623
BEL,16,0.668
BEL,17,0.684
BEL,18,0.689
BEL,19,0.696
BEL,20,0.665
BEL,21,0.599
BEN,34,0.175
BEN,36,0.1
BEN,6,0.108
BEN,7,0.075
BEN,8,0.051
BEN,9,0.08
BEN,38,0.202
BEN,10,0.118
BEN,11,0.166
BEN,12,0.185
BEN,13,0.211
BEN,14,0.222
BEN,15,0.264
BEN,16,0.282
BEN,17,0.296
BEN,18,0.297
BEN,19,0.286
BEN,20,0.262
BEN,21,0.223
BFA,34,0.099
BFA,36,0.089
BFA,6,0.109
BFA,7,0.086
BFA,8,0.063
BFA,9,0.112
BFA,38,0.227
BFA,10,0.164
BFA,11,0.207
BFA,12,0.23
BFA,13,0.269
BFA,14,0.265
BFA,15,0.28
BFA,16,0.291
BFA,17,0.292
BFA,18,0.274
BFA,19,0.262
BFA,20,0.232
BFA,21,0.186
BGD,34,0.033
BGD,36,0.045
BGD,6,0.037
BGD,7,0.061
BGD,8,0.049
BGD,9,0.134
BGD,38,0.169
BGD,10,0.142
BGD,11,0.185
BGD,12,0.208
BGD,13,0.213
BGD,14,0.201
BGD,15,0.201
BGD,16,0.188
BGD,17,0.162
BGD,18,0.131
BGD,19,0.108
BGD,20,0.082
BGD,21,0.099
BGR,34,0.303
BGR,36,0.262
BGR,6,0.284
BGR,7,0.266
BGR,8,0.198
BGR,9,0.242
BGR,38,0.543
BGR,10,0.361
BGR,11,0.488
BGR,12,0.529
BGR,13,0.578
BGR,14,0.624
BGR,15,0.66
BGR,16,0.697
BGR,17,0.718
BGR,18,0.736
BGR,19,0.695
BGR,20,0.684
BGR,21,0.633
BHR,34,0.133
BHR,36,0.245
BHR,6,0.125
BHR,7,0.352
BHR,8,0.362
BHR,9,0.439
BHR,38,0.711
BHR,10,0.555
BHR,11,0.665
BHR,12,0.731
BHR,13,0.775
BHR,14,0.807
BHR,15,0.796
BHR,16,0.81
BHR,17,0.867
BHR,18,0.854
BHR,19,0.835
BHR,20,0.774
BHR,21,0.742
BHS,34,0.263
BHS,36,0.261
BHS,6,0.269
BHS,7,0.286
BHS,8,0.224
BHS,9,0.345
BHS,38,0.576
BHS,10,0.449
BHS,11,0.523
BHS,12,0.575
BHS,13,0.618
BHS,14,0.645
BHS,15,0.683
BHS,16,0.699
BHS,17,0.703
BHS,18,0.684
BHS,19,0.675
BHS,20,0.647
BHS,21,0.601
BIH,34,0.314
BIH,36,0.199
BIH,6,0.29
BIH,7,0.135
BIH,8,0.065
BIH,9,0.228
BIH,38,0.546
BIH,10,0.341
BIH,11,0.438
BIH,12,0.528
BIH,13,0.621
BIH,14,0.651
BIH,15,0.708
BIH,16,0.724
BIH,17,0.75
BIH,18,0.747
BIH,19,0.653
BIH,20,0.556
BIH,21,0.727
BLR,34,0.176
BLR,36,0.164
BLR,6,0.169
BLR,7,0.178
BLR,8,0.133
BLR,9,0.221
BLR,38,0.447
BLR,10,0.313
BLR,11,0.381
BLR,12,0.433
BLR,13,0.48
BLR,14,0.513
BLR,15,0.556
BLR,16,0.579
BLR,17,0.59
BLR,18,0.577
BLR,19,0.567
BLR,20,0.536
BLR,21,0.467
BLZ,34,0.154
BLZ,36,0.227
BLZ,6,0.182
BLZ,7,0.25
BLZ,8,0.317
BLZ,9,0.471
BLZ,38,0.671
BLZ,10,0.606
BLZ,11,0.701
BLZ,12,0.763
BLZ,13,0.701
BLZ,14,0.729
BLZ,15,0.775
BLZ,16,0.802
BLZ,17,0.804
BLZ,18,0.616
BLZ,19,0.588
BLZ,20,0.554
BLZ,21,0.502
BOL,34,0.24
BOL,36,0.243
BOL,6,0.246
BOL,7,0.272
BOL,8,0.212
BOL,9,0.329
BOL,38,0.572
BOL,10,0.44
BOL,11,0.537
BOL,12,0.593
BOL,13,0.627
BOL,14,0.646
BOL,15,0.665
BOL,16,0.683
BOL,17,0.689
BOL,18,0.676
BOL,19,0.666
BOL,20,0.636
BOL,21,0.576
BRA,34,0.237
BRA,36,0.232
BRA,6,0.241
BRA,7,0.236
BRA,8,0.214
BRA,9,0.347
BRA,38,0.557
BRA,10,0.431
BRA,11,0.503
BRA,12,0.544
BRA,13,0.597
BRA,14,0.622
BRA,15,0.659
BRA,16,0.673
BRA,17,0.682
BRA,18,0.666
BRA,19,0.665
BRA,20,0.634
BRA,21,0.585
BRB,34,0.301
BRB,36,0.288
BRB,6,0.298
BRB,7,0.319
BRB,8,0.232
BRB,9,0.384
BRB,38,0.638
BRB,10,0.493
BRB,11,0.569
BRB,12,0.63
BRB,13,0.7
BRB,14,0.741
BRB,15,0.771
BRB,16,0.794
BRB,17,0.767
BRB,18,0.622
BRB,19,0.704
BRB,20,0.791
BRB,21,0.765
BRN,34,0.063
BRN,36,0.061
BRN,6,0.063
BRN,7,0.07
BRN,8,0.05
BRN,9,0.086
BRN,38,0.206
BRN,10,0.129
BRN,11,0.162
BRN,12,0.193
BRN,13,0.226
BRN,14,0.244
BRN,15,0.274
BRN,16,0.29
BRN,17,0.294
BRN,18,0.281
BRN,19,0.271
BRN,20,0.242
BRN,21,0.195
BTN,34,0.136
BTN,36,0.124
BTN,6,0.126
BTN,7,0.136
BTN,8,0.099
BTN,9,0.169
BTN,38,0.353
BTN,10,0.241
BTN,11,0.299
BTN,12,0.349
BTN,13,0.388
BTN,14,0.414
BTN,15,0.452
BTN,16,0.467
BTN,17,0.475
BTN,18,0.452
BTN,19,0.43
BTN,20,0.392
BTN,21,0.34
BWA,34,0.148
BWA,36,0.144
BWA,6,0.156
BWA,7,0.154
BWA,8,0.119
BWA,9,0.189
BWA,38,0.378
BWA,10,0.263
BWA,11,0.306
BWA,12,0.389
BWA,13,0.433
BWA,14,0.448
BWA,15,0.492
BWA,16,0.461
BWA,17,0.465
BWA,18,0.461
BWA,19,0.468
BWA,20,0.454
BWA,21,0.39
CAF,34,0.1
CAF,36,0.107
CAF,6,0.135
CAF,7,0.119
CAF,8,0.07
CAF,9,0.111
CAF,38,0.213
CAF,10,0.167
CAF,11,0.203
CAF,12,0.224
CAF,13,0.263
CAF,14,0.239
CAF,15,0.256
CAF,16,0.257
CAF,17,0.26
CAF,18,0.243
CAF,19,0.232
CAF,20,0.207
CAF,21,0.162
CAN,34,0.19
CAN,36,0.238
CAN,6,0.218
CAN,7,0.308
CAN,8,0.23
CAN,9,0.366
CAN,38,0.565
CAN,10,0.467
CAN,11,0.532
CAN,12,0.566
CAN,13,0.578
CAN,14,0.607
CAN,15,0.639
CAN,16,0.659
CAN,17,0.679
CAN,18,0.675
CAN,19,0.676
CAN,20,0.648
CAN,21,0.604
CHE,34,0.197
CHE,36,0.185
CHE,6,0.191
CHE,7,0.176
CHE,8,0.176
CHE,9,0.283
CHE,38,0.482
CHE,10,0.366
CHE,11,0.44
CHE,12,0.454
CHE,13,0.476
CHE,14,0.52
CHE,15,0.553
CHE,16,0.589
CHE,17,0.602
CHE,18,0.631
CHE,19,0.63
CHE,20,0.643
CHE,21,0.576
CHL,34,0.356
CHL,36,0.344
CHL,6,0.347
CHL,7,0.365
CHL,8,0.308
CHL,9,0.429
CHL,38,0.659
CHL,10,0.514
CHL,11,0.642
CHL,12,0.662
CHL,13,0.715
CHL,14,0.723
CHL,15,0.762
CHL,16,0.803
CHL,17,0.77
CHL,18,0.747
CHL,19,0.751
CHL,20,0.721
CHL,21,0.634
CHN,34,0.196
CHN,36,0.188
CHN,6,0.222
CHN,7,0.206
CHN,8,0.126
CHN,9,0.156
CHN,38,0.279
CHN,10,0.207
CHN,11,0.245
CHN,12,0.288
CHN,13,0.322
CHN,14,0.354
CHN,15,0.349
CHN,16,0.339
CHN,17,0.332
CHN,18,0.321
CHN,19,0.314
CHN,20,0.274
CHN,21,0.223
CIV,34,0.126
CIV,36,0.11
CIV,6,0.103
CIV,7,0.105
CIV,8,0.11
CIV,9,0.182
CIV,38,0.308
CIV,10,0.239
CIV,11,0.305
CIV,12,0.336
CIV,13,0.369
CIV,14,0.413
CIV,15,0.485
CIV,16,0.408
CIV,17,0.398
CIV,18,0.262
CIV,19,0.143
CIV,20,0.128
CIV,21,0.091
CMR,34,0.178
CMR,36,0.181
CMR,6,0.194
CMR,7,0.196
CMR,8,0.153
CMR,9,0.235
CMR,38,0.458
CMR,10,0.32
CMR,11,0.387
CMR,12,0.436
CMR,13,0.463
CMR,14,0.463
CMR,15,0.561
CMR,16,0.614
CMR,17,0.632
CMR,18,0.625
CMR,19,0.62
CMR,20,0.598
CMR,21,0.545
COD,34,0.127
COD,36,0.105
COD,6,0.153
COD,7,0.095
COD,8,0.046
COD,9,0.062
COD,38,0.175
COD,10,0.115
COD,11,0.14
COD,12,0.156
COD,13,0.185
COD,14,0.211
COD,15,0.244
COD,16,0.244
COD,17,0.251
COD,18,0.242
COD,19,0.237
COD,20,0.216
COD,21,0.182
COG,34,0.104
COG,36,0.1
COG,6,0.112
COG,7,0.11
COG,8,0.074
COG,9,0.15
COG,38,0.337
COG,10,0.235
COG,11,0.32
COG,12,0.343
COG,13,0.368
COG,14,0.367
COG,15,0.419
COG,16,0.436
COG,17,0.445
COG,18,0.432
COG,19,0.419
COG,20,0.385
COG,21,0.329
COL,34,0.116
COL,36,0.168
COL,6,0.177
COL,7,0.21
COL,8,0.162
COL,9,0.293
COL,38,0.551
COL,10,0.429
COL,11,0.513
COL,12,0.572
COL,13,0.622
COL,14,0.655
COL,15,0.671
COL,16,0.694
COL,17,0.699
COL,18,0.625
COL,19,0.551
COL,20,0.554
COL,21,0.491
COM,34,0.3
COM,36,0.214
COM,6,0.268
COM,7,0.194
COM,8,0.098
COM,9,0.141
COM,38,0.375
COM,10,0.259
COM,11,0.307
COM,12,0.338
COM,13,0.387
COM,14,0.435
COM,15,0.476
COM,16,0.505
COM,17,0.52
COM,18,0.517
COM,19,0.522
COM,20,0.501
COM,21,0.46
CPV,34,0.157
CPV,36,0.148
CPV,6,0.159
CPV,7,0.158
CPV,8,0.12
CPV,9,0.2
CPV,38,0.384
CPV,10,0.281
CPV,11,0.329
CPV,12,0.365
CPV,13,0.406
CPV,14,0.436
CPV,15,0.475
CPV,16,0.5
CPV,17,0.515
CPV,18,0.495
CPV,19,0.483
CPV,20,0.448
CPV,21,0.393
CRI,34,0.284
CRI,36,0.29
CRI,6,0.29
CRI,7,0.305
CRI,8,0.279
CRI,9,0.407
CRI,38,0.608
CRI,10,0.518
CRI,11,0.593
CRI,12,0.635
CRI,13,0.657
CRI,14,0.676
CRI,15,0.708
CRI,16,0.722
CRI,17,0.73
CRI,18,0.651
CRI,19,0.642
CRI,20,0.601
CRI,21,0.469
CUB,34,0.199
CUB,36,0.197
CUB,6,0.203
CUB,7,0.218
CUB,8,0.166
CUB,9,0.268
CUB,38,0.445
CUB,10,0.345
CUB,11,0.422
CUB,12,0.47
CUB,13,0.506
CUB,14,0.526
CUB,15,0.51
CUB,16,0.523
CUB,17,0.53
CUB,18,0.502
CUB,19,0.494
CUB,20,0.453
CUB,21,0.401
CYP,34,0.201
CYP,36,0.241
CYP,6,0.253
CYP,7,0.292
CYP,8,0.211
CYP,9,0.353
CYP,38,0.596
CYP,10,0.462
CYP,11,0.505
CYP,12,0.585
CYP,13,0.623
CYP,14,0.68
CYP,15,0.715
CYP,16,0.713
CYP,17,0.753
CYP,18,0.76
CYP,19,0.756
CYP,20,0.686
CYP,21,0.607
CZE,34,0.22
CZE,36,0.202
CZE,6,0.184
CZE,7,0.241
CZE,8,0.164
CZE,9,0.282
CZE,38,0.579
CZE,10,0.41
CZE,11,0.533
CZE,12,0.485
CZE,13,0.579
CZE,14,0.681
CZE,15,0.696
CZE,16,0.753
CZE,17,0.777
CZE,18,0.797
CZE,19,0.78
CZE,20,0.743
CZE,21,0.678
D0,34,0.134
D0,36,0.131
D0,6,0.139
D0,7,0.144
D0,8,0.108
D0,9,0.176
D0,38,0.322
D0,10,0.243
D0,11,0.295
D0,12,0.34
D0,13,0.366
D0,14,0.384
D0,15,0.398
D0,16,0.392
D0,17,0.386
D0,18,0.379
D0,19,0.353
D0,20,0.328
D0,21,0.294
D1,34,0.203
D1,36,0.233
D1,6,0.227
D1,7,0.272
D1,8,0.225
D1,9,0.33
D1,38,0.539
D1,10,0.419
D1,11,0.49
D1,12,0.523
D1,13,0.566
D1,14,0.606
D1,15,0.647
D1,16,0.664
D1,17,0.661
D1,18,0.637
D1,19,0.659
D1,20,0.614
D1,21,0.549
DEU,34,0.162
DEU,36,0.2
DEU,6,0.192
DEU,7,0.237
DEU,8,0.203
DEU,9,0.331
DEU,38,0.567
DEU,10,0.429
DEU,11,0.479
DEU,12,0.525
DEU,13,0.576
DEU,14,0.609
DEU,15,0.67
DEU,16,0.696
DEU,17,0.739
DEU,18,0.737
DEU,19,0.766
DEU,20,0.758
DEU,21,0.657
DJI,34,0.236
DJI,36,0.162
DJI,6,0.173
DJI,7,0.134
DJI,8,0.115
DJI,9,0.178
DJI,38,0.349
DJI,10,0.243
DJI,11,0.293
DJI,12,0.332
DJI,13,0.368
DJI,14,0.384
DJI,15,0.423
DJI,16,0.453
DJI,17,0.47
DJI,18,0.461
DJI,19,0.465
DJI,20,0.444
DJI,21,0.405
DMA,34,0.221
DMA,36,0.22
DMA,6,0.229
DMA,7,0.243
DMA,8,0.187
DMA,9,0.316
DMA,38,0.559
DMA,10,0.413
DMA,11,0.477
DMA,12,0.528
DMA,13,0.587
DMA,14,0.629
DMA,15,0.669
DMA,16,0.7
DMA,17,0.714
DMA,18,0.702
DMA,19,0.701
DMA,20,0.69
DMA,21,0.682
DNK,34,0.196
DNK,36,0.196
DNK,6,0.193
DNK,7,0.206
DNK,8,0.187
DNK,9,0.319
DNK,38,0.519
DNK,10,0.391
DNK,11,0.452
DNK,12,0.519
DNK,13,0.548
DNK,14,0.586
DNK,15,0.613
DNK,16,0.628
DNK,17,0.641
DNK,18,0.647
DNK,19,0.625
DNK,20,0.616
DNK,21,0.535
DOM,34,0.161
DOM,36,0.215
DOM,6,0.171
DOM,7,0.28
DOM,8,0.243
DOM,9,0.357
DOM,38,0.528
DOM,10,0.465
DOM,11,0.504
DOM,12,0.528
DOM,13,0.563
DOM,14,0.588
DOM,15,0.65
DOM,16,0.622
DOM,17,0.594
DOM,18,0.564
DOM,19,0.686
DOM,20,0.453
DOM,21,0.385
DZA,34,0.251
DZA,36,0.258
DZA,6,0.252
DZA,7,0.276
DZA,8,0.251
DZA,9,0.364
DZA,38,0.499
DZA,10,0.396
DZA,11,0.452
DZA,12,0.49
DZA,13,0.542
DZA,14,0.571
DZA,15,0.603
DZA,16,0.574
DZA,17,0.578
DZA,18,0.568
DZA,19,0.558
DZA,20,0.522
DZA,21,0.456
ECU,34,0.162
ECU,36,0.215
ECU,6,0.175
ECU,7,0.279
ECU,8,0.239
ECU,9,0.324
ECU,38,0.553
ECU,10,0.43
ECU,11,0.504
ECU,12,0.565
ECU,13,0.609
ECU,14,0.616
ECU,15,0.647
ECU,16,0.664
ECU,17,0.669
ECU,18,0.656
ECU,19,0.647
ECU,20,0.622
ECU,21,0.574
EGY,34,0.302
EGY,36,0.354
EGY,6,0.317
EGY,7,0.429
EGY,8,0.362
EGY,9,0.524
EGY,38,0.753
EGY,10,0.64
EGY,11,0.727
EGY,12,0.775
EGY,13,0.822
EGY,14,0.841
EGY,15,0.871
EGY,16,0.848
EGY,17,0.837
EGY,18,0.828
EGY,19,0.829
EGY,20,0.778
EGY,21,0.67
ERI,34,0.053
ERI,36,0.051
ERI,6,0.055
ERI,7,0.058
ERI,8,0.04
ERI,9,0.065
ERI,38,0.146
ERI,10,0.095
ERI,11,0.116
ERI,12,0.162
ERI,13,0.178
ERI,14,0.143
ERI,15,0.163
ERI,16,0.189
ERI,17,0.199
ERI,18,0.201
ERI,19,0.201
ERI,20,0.186
ERI,21,0.155
ESP,34,0.252
ESP,36,0.257
ESP,6,0.299
ESP,7,0.295
ESP,8,0.178
ESP,9,0.292
ESP,38,0.544
ESP,10,0.387
ESP,11,0.451
ESP,12,0.512
ESP,13,0.568
ESP,14,0.61
ESP,15,0.647
ESP,16,0.689
ESP,17,0.714
ESP,18,0.722
ESP,19,0.725
ESP,20,0.704
ESP,21,0.645
EST,34,0.245
EST,36,0.227
EST,6,0.233
EST,7,0.245
EST,8,0.188
EST,9,0.296
EST,38,0.57
EST,10,0.397
EST,11,0.469
EST,12,0.535
EST,13,0.608
EST,14,0.651
EST,15,0.696
EST,16,0.733
EST,17,0.752
EST,18,0.743
EST,19,0.747
EST,20,0.739
EST,21,0.667
ETH,34,0.067
ETH,36,0.055
ETH,6,0.076
ETH,7,0.054
ETH,8,0.022
ETH,9,0.031
ETH,38,0.061
ETH,10,0.039
ETH,11,0.064
ETH,12,0.059
ETH,13,0.069
ETH,14,0.062
ETH,15,0.07
ETH,16,0.077
ETH,17,0.081
ETH,18,0.081
ETH,19,0.08
ETH,20,0.07
ETH,21,0.055
FIN,34,0.248
FIN,36,0.236
FIN,6,0.242
FIN,7,0.26
FIN,8,0.194
FIN,9,0.336
FIN,38,0.564
FIN,10,0.44
FIN,11,0.494
FIN,12,0.546
FIN,13,0.576
FIN,14,0.609
FIN,15,0.659
FIN,16,0.697
FIN,17,0.709
FIN,18,0.723
FIN,19,0.731
FIN,20,0.696
FIN,21,0.598
FJI,34,0.171
FJI,36,0.187
FJI,6,0.187
FJI,7,0.2
FJI,8,0.187
FJI,9,0.284
FJI,38,0.512
FJI,10,0.387
FJI,11,0.461
FJI,12,0.512
FJI,13,0.562
FJI,14,0.584
FJI,15,0.62
FJI,16,0.631
FJI,17,0.639
FJI,18,0.618
FJI,19,0.602
FJI,20,0.573
FJI,21,0.52
FRA,34,0.171
FRA,36,0.18
FRA,6,0.16
FRA,7,0.221
FRA,8,0.167
FRA,9,0.276
FRA,38,0.492
FRA,10,0.355
FRA,11,0.422
FRA,12,0.458
FRA,13,0.509
FRA,14,0.549
FRA,15,0.578
FRA,16,0.622
FRA,17,0.63
FRA,18,0.648
FRA,19,0.657
FRA,20,0.633
FRA,21,0.57
FSM,34,0.453
FSM,36,0.45
FSM,6,0.458
FSM,7,0.483
FSM,8,0.406
FSM,9,0.54
FSM,38,0.749
FSM,10,0.644
FSM,11,0.735
FSM,12,0.757
FSM,13,0.837
FSM,14,0.831
FSM,15,0.862
FSM,16,0.815
FSM,17,0.815
FSM,18,0.802
FSM,19,0.79
FSM,20,0.765
FSM,21,0.72
G,34,0.142
G,36,0.143
G,6,0.149
G,7,0.159
G,8,0.123
G,9,0.198
G,38,0.375
G,10,0.27
G,11,0.329
G,12,0.373
G,13,0.404
G,14,0.432
G,15,0.46
G,16,0.464
G,17,0.474
G,18,0.459
G,19,0.467
G,20,0.438
G,21,0.422
GAB,34,0.156
GAB,36,0.167
GAB,6,0.163
GAB,7,0.194
GAB,8,0.152
GAB,9,0.259
GAB,38,0.51
GAB,10,0.385
GAB,11,0.46
GAB,12,0.535
GAB,13,0.573
GAB,14,0.596
GAB,15,0.643
GAB,16,0.607
GAB,17,0.616
GAB,18,0.601
GAB,19,0.592
GAB,20,0.566
GAB,21,0.509
GBR,34,0.229
GBR,36,0.276
GBR,6,0.339
GBR,7,0.268
GBR,8,0.258
GBR,9,0.404
GBR,38,0.618
GBR,10,0.493
GBR,11,0.564
GBR,12,0.629
GBR,13,0.672
GBR,14,0.691
GBR,15,0.717
GBR,16,0.725
GBR,17,0.724
GBR,18,0.726
GBR,19,0.725
GBR,20,0.681
GBR,21,0.609
GEO,34,0.344
GEO,36,0.28
GEO,6,0.313
GEO,7,0.269
GEO,8,0.2
GEO,9,0.324
GEO,38,0.594
GEO,10,0.435
GEO,11,0.52
GEO,12,0.584
GEO,13,0.644
GEO,14,0.697
GEO,15,0.737
GEO,16,0.753
GEO,17,0.765
GEO,18,0.715
GEO,19,0.694
GEO,20,0.663
GEO,21,0.615
GHA,34,0.08
GHA,36,0.084
GHA,6,0.095
GHA,7,0.073
GHA,8,0.086
GHA,9,0.252
GHA,38,0.334
GHA,10,0.255
GHA,11,0.346
GHA,12,0.369
GHA,13,0.406
GHA,14,0.36
GHA,15,0.408
GHA,16,0.398
GHA,17,0.362
GHA,18,0.313
GHA,19,0.306
GHA,20,0.28
GHA,21,0.228
GIN,34,0.121
GIN,36,0.1
GIN,6,0.117
GIN,7,0.095
GIN,8,0.067
GIN,9,0.107
GIN,38,0.225
GIN,10,0.158
GIN,11,0.182
GIN,12,0.193
GIN,13,0.218
GIN,14,0.232
GIN,15,0.296
GIN,16,0.324
GIN,17,0.334
GIN,18,0.32
GIN,19,0.31
GIN,20,0.284
GIN,21,0.239
GMB,34,0.095
GMB,36,0.125
GMB,6,0.132
GMB,7,0.137
GMB,8,0.13
GMB,9,0.223
GMB,38,0.416
GMB,10,0.31
GMB,11,0.366
GMB,12,0.405
GMB,13,0.449
GMB,14,0.48
GMB,15,0.514
GMB,16,0.529
GMB,17,0.533
GMB,18,0.511
GMB,19,0.504
GMB,20,0.472
GMB,21,0.414
GNB,34,0.196
GNB,36,0.181
GNB,6,0.19
GNB,7,0.19
GNB,8,0.146
GNB,9,0.24
GNB,38,0.46
GNB,10,0.333
GNB,11,0.403
GNB,12,0.45
GNB,13,0.5
GNB,14,0.525
GNB,15,0.569
GNB,16,0.589
GNB,17,0.598
GNB,18,0.58
GNB,19,0.564
GNB,20,0.531
GNB,21,0.466
GNQ,34,0.324
GNQ,36,0.302
GNQ,6,0.314
GNQ,7,0.321
GNQ,8,0.25
GNQ,9,0.378
GNQ,38,0.615
GNQ,10,0.492
GNQ,11,0.566
GNQ,12,0.617
GNQ,13,0.659
GNQ,14,0.685
GNQ,15,0.722
GNQ,16,0.733
GNQ,17,0.738
GNQ,18,0.722
GNQ,19,0.715
GNQ,20,0.688
GNQ,21,0.633
GRC,34,0.266
GRC,36,0.314
GRC,6,0.336
GRC,7,0.399
GRC,8,0.245
GRC,9,0.376
GRC,38,0.613
GRC,10,0.458
GRC,11,0.552
GRC,12,0.598
GRC,13,0.665
GRC,14,0.671
GRC,15,0.718
GRC,16,0.751
GRC,17,0.763
GRC,18,0.746
GRC,19,0.751
GRC,20,0.737
GRC,21,0.653
GRD,34,0.164
GRD,36,0.163
GRD,6,0.169
GRD,7,0.18
GRD,8,0.137
GRD,9,0.222
GRD,38,0.436
GRD,10,0.309
GRD,11,0.376
GRD,12,0.426
GRD,13,0.469
GRD,14,0.501
GRD,15,0.546
GRD,16,0.562
GRD,17,0.566
GRD,18,0.551
GRD,19,0.544
GRD,20,0.504
GRD,21,0.453
GTM,34,0.148
GTM,36,0.165
GTM,6,0.135
GTM,7,0.184
GTM,8,0.192
GTM,9,0.327
GTM,38,0.484
GTM,10,0.44
GTM,11,0.535
GTM,12,0.58
GTM,13,0.626
GTM,14,0.606
GTM,15,0.581
GTM,16,0.512
GTM,17,0.442
GTM,18,0.386
GTM,19,0.363
GTM,20,0.309
GTM,21,0.225
GUY,34,0.138
GUY,36,0.165
GUY,6,0.154
GUY,7,0.197
GUY,8,0.167
GUY,9,0.301
GUY,38,0.524
GUY,10,0.411
GUY,11,0.479
GUY,12,0.534
GUY,13,0.552
GUY,14,0.573
GUY,15,0.611
GUY,16,0.625
GUY,17,0.638
GUY,18,0.638
GUY,19,0.649
GUY,20,0.629
GUY,21,0.577
HND,34,0.127
HND,36,0.163
HND,6,0.139
HND,7,0.215
HND,8,0.168
HND,9,0.272
HND,38,0.513
HND,10,0.396
HND,11,0.479
HND,12,0.545
HND,13,0.575
HND,14,0.591
HND,15,0.602
HND,16,0.615
HND,17,0.617
HND,18,0.602
HND,19,0.591
HND,20,0.563
HND,21,0.518
HRV,34,0.273
HRV,36,0.248
HRV,6,0.249
HRV,7,0.267
HRV,8,0.203
HRV,9,0.307
HRV,38,0.583
HRV,10,0.401
HRV,11,0.471
HRV,12,0.565
HRV,13,0.614
HRV,14,0.672
HRV,15,0.714
HRV,16,0.748
HRV,17,0.768
HRV,18,0.776
HRV,19,0.76
HRV,20,0.727
HRV,21,0.659
HTI,34,0.078
HTI,36,0.086
HTI,6,0.087
HTI,7,0.105
HTI,8,0.069
HTI,9,0.143
HTI,38,0.24
HTI,10,0.224
HTI,11,0.269
HTI,12,0.291
HTI,13,0.304
HTI,14,0.287
HTI,15,0.271
HTI,16,0.255
HTI,17,0.234
HTI,18,0.216
HTI,19,0.181
HTI,20,0.165
HTI,21,0.146
HUN,34,0.302
HUN,36,0.276
HUN,6,0.282
HUN,7,0.306
HUN,8,0.216
HUN,9,0.308
HUN,38,0.602
HUN,10,0.448
HUN,11,0.563
HUN,12,0.599
HUN,13,0.626
HUN,14,0.692
HUN,15,0.71
HUN,16,0.742
HUN,17,0.765
HUN,18,0.765
HUN,19,0.739
HUN,20,0.708
HUN,21,0.648
IDN,34,0.081
IDN,36,0.08
IDN,6,0.082
IDN,7,0.089
IDN,8,0.068
IDN,9,0.127
IDN,38,0.26
IDN,10,0.22
IDN,11,0.276
IDN,12,0.299
IDN,13,0.332
IDN,14,0.332
IDN,15,0.338
IDN,16,0.314
IDN,17,0.291
IDN,18,0.21
IDN,19,0.194
IDN,20,0.183
IDN,21,0.17
IND,34,0.055
IND,36,0.052
IND,6,0.048
IND,7,0.069
IND,8,0.037
IND,9,0.086
IND,38,0.201
IND,10,0.134
IND,11,0.162
IND,12,0.224
IND,13,0.245
IND,14,0.257
IND,15,0.276
IND,16,0.267
IND,17,0.258
IND,18,0.284
IND,19,0.186
IND,20,0.167
IND,21,0.131
IRL,34,0.279
IRL,36,0.265
IRL,6,0.274
IRL,7,0.287
IRL,8,0.222
IRL,9,0.345
IRL,38,0.584
IRL,10,0.449
IRL,11,0.51
IRL,12,0.574
IRL,13,0.622
IRL,14,0.663
IRL,15,0.721
IRL,16,0.725
IRL,17,0.74
IRL,18,0.723
IRL,19,0.683
IRL,20,0.634
IRL,21,0.57
IRN,34,0.248
IRN,36,0.239
IRN,6,0.248
IRN,7,0.271
IRN,8,0.188
IRN,9,0.314
IRN,38,0.564
IRN,10,0.448
IRN,11,0.522
IRN,12,0.591
IRN,13,0.651
IRN,14,0.66
IRN,15,0.696
IRN,16,0.684
IRN,17,0.685
IRN,18,0.632
IRN,19,0.58
IRN,20,0.561
IRN,21,0.483
IRQ,34,0.189
IRQ,36,0.222
IRQ,6,0.203
IRQ,7,0.229
IRQ,8,0.263
IRQ,9,0.439
IRQ,38,0.653
IRQ,10,0.555
IRQ,11,0.636
IRQ,12,0.661
IRQ,13,0.722
IRQ,14,0.74
IRQ,15,0.771
IRQ,16,0.722
IRQ,17,0.724
IRQ,18,0.715
IRQ,19,0.709
IRQ,20,0.679
IRQ,21,0.619
ISL,34,0.249
ISL,36,0.247
ISL,6,0.243
ISL,7,0.26
ISL,8,0.237
ISL,9,0.407
ISL,38,0.671
ISL,10,0.554
ISL,11,0.647
ISL,12,0.691
ISL,13,0.684
ISL,14,0.717
ISL,15,0.765
ISL,16,0.795
ISL,17,0.816
ISL,18,0.81
ISL,19,0.81
ISL,20,0.775
ISL,21,0.66
ISR,34,0.3
ISR,36,0.289
ISR,6,0.295
ISR,7,0.313
ISR,8,0.247
ISR,9,0.306
ISR,38,0.565
ISR,10,0.412
ISR,11,0.483
ISR,12,0.525
ISR,13,0.611
ISR,14,0.654
ISR,15,0.698
ISR,16,0.708
ISR,17,0.761
ISR,18,0.698
ISR,19,0.71
ISR,20,0.663
ISR,21,0.612
ITA,34,0.3
ITA,36,0.272
ITA,6,0.309
ITA,7,0.3
ITA,8,0.177
ITA,9,0.292
ITA,38,0.498
ITA,10,0.345
ITA,11,0.395
ITA,12,0.457
ITA,13,0.503
ITA,14,0.56
ITA,15,0.606
ITA,16,0.647
ITA,17,0.671
ITA,18,0.658
ITA,19,0.662
ITA,20,0.652
ITA,21,0.586
JAM,34,0.216
JAM,36,0.221
JAM,6,0.227
JAM,7,0.24
JAM,8,0.198
JAM,9,0.318
JAM,38,0.503
JAM,10,0.415
JAM,11,0.477
JAM,12,0.542
JAM,13,0.602
JAM,14,0.605
JAM,15,0.615
JAM,16,0.578
JAM,17,0.569
JAM,18,0.525
JAM,19,0.523
JAM,20,0.402
JAM,21,0.351
JOR,34,0.127
JOR,36,0.247
JOR,6,0.173
JOR,7,0.36
JOR,8,0.317
JOR,9,0.464
JOR,38,0.736
JOR,10,0.575
JOR,11,0.667
JOR,12,0.743
JOR,13,0.809
JOR,14,0.834
JOR,15,0.853
JOR,16,0.849
JOR,17,0.866
JOR,18,0.875
JOR,19,0.874
JOR,20,0.844
JOR,21,0.774
JPN,34,0.091
JPN,36,0.139
JPN,6,0.161
JPN,7,0.185
JPN,8,0.109
JPN,9,0.124
JPN,38,0.233
JPN,10,0.164
JPN,11,0.208
JPN,12,0.233
JPN,13,0.266
JPN,14,0.279
JPN,15,0.28
JPN,16,0.286
JPN,17,0.289
JPN,18,0.285
JPN,19,0.288
JPN,20,0.267
JPN,21,0.233
KAZ,34,0.226
KAZ,36,0.212
KAZ,6,0.239
KAZ,7,0.224
KAZ,8,0.159
KAZ,9,0.241
KAZ,38,0.548
KAZ,10,0.356
KAZ,11,0.472
KAZ,12,0.56
KAZ,13,0.618
KAZ,14,0.642
KAZ,15,0.681
KAZ,16,0.702
KAZ,17,0.712
KAZ,18,0.698
KAZ,19,0.69
KAZ,20,0.665
KAZ,21,0.615
KEN,34,0.114
KEN,36,0.113
KEN,6,0.128
KEN,7,0.121
KEN,8,0.088
KEN,9,0.149
KEN,38,0.321
KEN,10,0.228
KEN,11,0.279
KEN,12,0.321
KEN,13,0.364
KEN,14,0.354
KEN,15,0.391
KEN,16,0.413
KEN,17,0.424
KEN,18,0.416
KEN,19,0.415
KEN,20,0.384
KEN,21,0.325
KGZ,34,0.229
KGZ,36,0.194
KGZ,6,0.226
KGZ,7,0.191
KGZ,8,0.132
KGZ,9,0.213
KGZ,38,0.508
KGZ,10,0.307
KGZ,11,0.393
KGZ,12,0.494
KGZ,13,0.555
KGZ,14,0.624
KGZ,15,0.664
KGZ,16,0.681
KGZ,17,0.691
KGZ,18,0.678
KGZ,19,0.669
KGZ,20,0.641
KGZ,21,0.582
KHM,34,0.04
KHM,36,0.038
KHM,6,0.042
KHM,7,0.04
KHM,8,0.028
KHM,9,0.049
KHM,38,0.155
KHM,10,0.099
KHM,11,0.13
KHM,12,0.153
KHM,13,0.176
KHM,14,0.186
KHM,15,0.203
KHM,16,0.217
KHM,17,0.219
KHM,18,0.209
KHM,19,0.202
KHM,20,0.179
KHM,21,0.147
KIR,34,0.57
KIR,36,0.567
KIR,6,0.574
KIR,7,0.602
KIR,8,0.521
KIR,9,0.66
KIR,38,0.791
KIR,10,0.763
KIR,11,0.856
KIR,12,0.819
KIR,13,0.876
KIR,14,0.833
KIR,15,0.859
KIR,16,0.792
KIR,17,0.79
KIR,18,0.771
KIR,19,0.755
KIR,20,0.723
KIR,21,0.668
KOR,34,0.175
KOR,36,0.173
KOR,6,0.171
KOR,7,0.209
KOR,8,0.138
KOR,9,0.209
KOR,38,0.323
KOR,10,0.277
KOR,11,0.291
KOR,12,0.319
KOR,13,0.339
KOR,14,0.361
KOR,15,0.378
KOR,16,0.401
KOR,17,0.402
KOR,18,0.4
KOR,19,0.334
KOR,20,0.322
KOR,21,0.296
KWT,34,0.354
KWT,36,0.348
KWT,6,0.356
KWT,7,0.381
KWT,8,0.299
KWT,9,0.475
KWT,38,0.781
KWT,10,0.636
KWT,11,0.726
KWT,12,0.763
KWT,13,0.833
KWT,14,0.836
KWT,15,0.877
KWT,16,0.932
KWT,17,0.941
KWT,18,0.945
KWT,19,0.955
KWT,20,0.931
KWT,21,0.869
LAO,34,0.049
LAO,36,0.05
LAO,6,0.047
LAO,7,0.058
LAO,8,0.045
LAO,9,0.077
LAO,38,0.246
LAO,10,0.122
LAO,11,0.16
LAO,12,0.267
LAO,13,0.299
LAO,14,0.301
LAO,15,0.331
LAO,16,0.357
LAO,17,0.364
LAO,18,0.346
LAO,19,0.333
LAO,20,0.3
LAO,21,0.248
LBN,34,0.319
LBN,36,0.314
LBN,6,0.285
LBN,7,0.343
LBN,8,0.311
LBN,9,0.413
LBN,38,0.667
LBN,10,0.5
LBN,11,0.576
LBN,12,0.659
LBN,13,0.728
LBN,14,0.777
LBN,15,0.808
LBN,16,0.81
LBN,17,0.814
LBN,18,0.795
LBN,19,0.76
LBN,20,0.769
LBN,21,0.691
LBR,34,0.152
LBR,36,0.135
LBR,6,0.145
LBR,7,0.136
LBR,8,0.109
LBR,9,0.191
LBR,38,0.453
LBR,10,0.311
LBR,11,0.373
LBR,12,0.421
LBR,13,0.455
LBR,14,0.492
LBR,15,0.589
LBR,16,0.629
LBR,17,0.643
LBR,18,0.622
LBR,19,0.612
LBR,20,0.585
LBR,21,0.528
LBY,34,0.358
LBY,36,0.37
LBY,6,0.358
LBY,7,0.385
LBY,8,0.378
LBY,9,0.526
LBY,38,0.739
LBY,10,0.636
LBY,11,0.704
LBY,12,0.75
LBY,13,0.783
LBY,14,0.803
LBY,15,0.825
LBY,16,0.833
LBY,17,0.838
LBY,18,0.828
LBY,19,0.823
LBY,20,0.804
LBY,21,0.758
LCA,34,0.135
LCA,36,0.163
LCA,6,0.178
LCA,7,0.191
LCA,8,0.144
LCA,9,0.239
LCA,38,0.455
LCA,10,0.33
LCA,11,0.399
LCA,12,0.449
LCA,13,0.496
LCA,14,0.522
LCA,15,0.567
LCA,16,0.584
LCA,17,0.593
LCA,18,0.566
LCA,19,0.552
LCA,20,0.51
LCA,21,0.442
LKA,34,0.066
LKA,36,0.069
LKA,6,0.068
LKA,7,0.072
LKA,8,0.07
LKA,9,0.157
LKA,38,0.262
LKA,10,0.217
LKA,11,0.25
LKA,12,0.277
LKA,13,0.303
LKA,14,0.319
LKA,15,0.331
LKA,16,0.32
LKA,17,0.317
LKA,18,0.244
LKA,19,0.255
LKA,20,0.228
LKA,21,0.187
LSO,34,0.161
LSO,36,0.154
LSO,6,0.178
LSO,7,0.159
LSO,8,0.119
LSO,9,0.193
LSO,38,0.428
LSO,10,0.284
LSO,11,0.354
LSO,12,0.399
LSO,13,0.41
LSO,14,0.466
LSO,15,0.566
LSO,16,0.594
LSO,17,0.608
LSO,18,0.581
LSO,19,0.57
LSO,20,0.574
LSO,21,0.517
LTU,34,0.239
LTU,36,0.228
LTU,6,0.225
LTU,7,0.249
LTU,8,0.198
LTU,9,0.324
LTU,38,0.602
LTU,10,0.4
LTU,11,0.526
LTU,12,0.604
LTU,13,0.618
LTU,14,0.676
LTU,15,0.709
LTU,16,0.789
LTU,17,0.82
LTU,18,0.782
LTU,19,0.788
LTU,20,0.735
LTU,21,0.643
LUX,34,0.25
LUX,36,0.237
LUX,6,0.241
LUX,7,0.26
LUX,8,0.198
LUX,9,0.266
LUX,38,0.513
LUX,10,0.401
LUX,11,0.457
LUX,12,0.501
LUX,13,0.528
LUX,14,0.568
LUX,15,0.577
LUX,16,0.63
LUX,17,0.65
LUX,18,0.668
LUX,19,0.711
LUX,20,0.638
LUX,21,0.57
LVA,34,0.2
LVA,36,0.176
LVA,6,0.189
LVA,7,0.18
LVA,8,0.136
LVA,9,0.241
LVA,38,0.564
LVA,10,0.373
LVA,11,0.453
LVA,12,0.509
LVA,13,0.579
LVA,14,0.643
LVA,15,0.698
LVA,16,0.732
LVA,17,0.751
LVA,18,0.782
LVA,19,0.811
LVA,20,0.804
LVA,21,0.811
MAR,34,0.232
MAR,36,0.242
MAR,6,0.242
MAR,7,0.277
MAR,8,0.214
MAR,9,0.301
MAR,38,0.537
MAR,10,0.401
MAR,11,0.481
MAR,12,0.539
MAR,13,0.595
MAR,14,0.621
MAR,15,0.631
MAR,16,0.647
MAR,17,0.658
MAR,18,0.651
MAR,19,0.651
MAR,20,0.627
MAR,21,0.571
MDA,34,0.178
MDA,36,0.155
MDA,6,0.168
MDA,7,0.159
MDA,8,0.118
MDA,9,0.209
MDA,38,0.526
MDA,10,0.327
MDA,11,0.431
MDA,12,0.517
MDA,13,0.601
MDA,14,0.632
MDA,15,0.67
MDA,16,0.688
MDA,17,0.694
MDA,18,0.683
MDA,19,0.689
MDA,20,0.67
MDA,21,0.63
MDG,34,0.089
MDG,36,0.059
MDG,6,0.075
MDG,7,0.051
MDG,8,0.025
MDG,9,0.046
MDG,38,0.111
MDG,10,0.077
MDG,11,0.098
MDG,12,0.111
MDG,13,0.119
MDG,14,0.11
MDG,15,0.147
MDG,16,0.151
MDG,17,0.155
MDG,18,0.152
MDG,19,0.144
MDG,20,0.128
MDG,21,0.1
MDV,34,0.103
MDV,36,0.128
MDV,6,0.11
MDV,7,0.165
MDV,8,0.132
MDV,9,0.202
MDV,38,0.403
MDV,10,0.277
MDV,11,0.355
MDV,12,0.404
MDV,13,0.439
MDV,14,0.484
MDV,15,0.506
MDV,16,0.515
MDV,17,0.518
MDV,18,0.511
MDV,19,0.496
MDV,20,0.447
MDV,21,0.379
MEX,34,0.201
MEX,36,0.288
MEX,6,0.282
MEX,7,0.341
MEX,8,0.318
MEX,9,0.463
MEX,38,0.693
MEX,10,0.601
MEX,11,0.694
MEX,12,0.753
MEX,13,0.795
MEX,14,0.786
MEX,15,0.811
MEX,16,0.78
MEX,17,0.764
MEX,18,0.733
MEX,19,0.697
MEX,20,0.607
MEX,21,0.503
MHL,34,0.326
MHL,36,0.325
MHL,6,0.335
MHL,7,0.357
MHL,8,0.28
MHL,9,0.475
MHL,38,0.769
MHL,10,0.697
MHL,11,0.799
MHL,12,0.814
MHL,13,0.882
MHL,14,0.866
MHL,15,0.888
MHL,16,0.814
MHL,17,0.812
MHL,18,0.799
MHL,19,0.784
MHL,20,0.763
MHL,21,0.722
MKD,34,0.256
MKD,36,0.23
MKD,6,0.242
MKD,7,0.237
MKD,8,0.188
MKD,9,0.298
MKD,38,0.546
MKD,10,0.397
MKD,11,0.472
MKD,12,0.52
MKD,13,0.571
MKD,14,0.61
MKD,15,0.65
MKD,16,0.669
MKD,17,0.68
MKD,18,0.667
MKD,19,0.675
MKD,20,0.703
MKD,21,0.792
MLI,34,0.117
MLI,36,0.116
MLI,6,0.117
MLI,7,0.128
MLI,8,0.101
MLI,9,0.175
MLI,38,0.387
MLI,10,0.247
MLI,11,0.291
MLI,12,0.319
MLI,13,0.358
MLI,14,0.386
MLI,15,0.525
MLI,16,0.577
MLI,17,0.595
MLI,18,0.581
MLI,19,0.568
MLI,20,0.536
MLI,21,0.476
MLT,34,0.311
MLT,36,0.296
MLT,6,0.307
MLT,7,0.318
MLT,8,0.25
MLT,9,0.429
MLT,38,0.66
MLT,10,0.499
MLT,11,0.585
MLT,12,0.617
MLT,13,0.699
MLT,14,0.735
MLT,15,0.784
MLT,16,0.803
MLT,17,0.813
MLT,18,0.82
MLT,19,0.817
MLT,20,0.748
MLT,21,0.72
MMR,34,0.068
MMR,36,0.06
MMR,6,0.058
MMR,7,0.058
MMR,8,0.056
MMR,9,0.09
MMR,38,0.182
MMR,10,0.136
MMR,11,0.162
MMR,12,0.223
MMR,13,0.25
MMR,14,0.234
MMR,15,0.245
MMR,16,0.188
MMR,17,0.189
MMR,18,0.183
MMR,19,0.176
MMR,20,0.158
MMR,21,0.129
MNE,34,0.29
MNE,36,0.268
MNE,6,0.272
MNE,7,0.289
MNE,8,0.222
MNE,9,0.345
MNE,38,0.586
MNE,10,0.454
MNE,11,0.53
MNE,12,0.581
MNE,13,0.628
MNE,14,0.658
MNE,15,0.694
MNE,16,0.713
MNE,17,0.723
MNE,18,0.709
MNE,19,0.7
MNE,20,0.668
MNE,21,0.608
MNG,34,0.217
MNG,36,0.172
MNG,6,0.218
MNG,7,0.149
MNG,8,0.107
MNG,9,0.198
MNG,38,0.494
MNG,10,0.361
MNG,11,0.428
MNG,12,0.507
MNG,13,0.565
MNG,14,0.589
MNG,15,0.625
MNG,16,0.618
MNG,17,0.627
MNG,18,0.6
MNG,19,0.596
MNG,20,0.578
MNG,21,0.537
MOZ,34,0.177
MOZ,36,0.134
MOZ,6,0.163
MOZ,7,0.129
MOZ,8,0.068
MOZ,9,0.09
MOZ,38,0.209
MOZ,10,0.142
MOZ,11,0.171
MOZ,12,0.186
MOZ,13,0.208
MOZ,14,0.22
MOZ,15,0.269
MOZ,16,0.29
MOZ,17,0.298
MOZ,18,0.302
MOZ,19,0.303
MOZ,20,0.278
MOZ,21,0.234
MRT,34,0.07
MRT,36,0.099
MRT,6,0.083
MRT,7,0.128
MRT,8,0.112
MRT,9,0.192
MRT,38,0.39
MRT,10,0.286
MRT,11,0.348
MRT,12,0.375
MRT,13,0.425
MRT,14,0.431
MRT,15,0.473
MRT,16,0.496
MRT,17,0.509
MRT,18,0.505
MRT,19,0.497
MRT,20,0.473
MRT,21,0.419
MUS,34,0.235
MUS,36,0.224
MUS,6,0.237
MUS,7,0.251
MUS,8,0.173
MUS,9,0.26
MUS,38,0.446
MUS,10,0.334
MUS,11,0.388
MUS,12,0.426
MUS,13,0.472
MUS,14,0.502
MUS,15,0.53
MUS,16,0.551
MUS,17,0.566
MUS,18,0.564
MUS,19,0.568
MUS,20,0.535
MUS,21,0.481
MWI,34,0.22
MWI,36,0.184
MWI,6,0.281
MWI,7,0.158
MWI,8,0.076
MWI,9,0.107
MWI,38,0.208
MWI,10,0.184
MWI,11,0.211
MWI,12,0.216
MWI,13,0.242
MWI,14,0.21
MWI,15,0.244
MWI,16,0.24
MWI,17,0.245
MWI,18,0.248
MWI,19,0.243
MWI,20,0.221
MWI,21,0.185
MYS,34,0.219
MYS,36,0.208
MYS,6,0.209
MYS,7,0.23
MYS,8,0.175
MYS,9,0.283
MYS,38,0.463
MYS,10,0.407
MYS,11,0.465
MYS,12,0.454
MYS,13,0.493
MYS,14,0.536
MYS,15,0.555
MYS,16,0.537
MYS,17,0.535
MYS,18,0.516
MYS,19,0.497
MYS,20,0.461
MYS,21,0.397
NAM,34,0.076
NAM,36,0.074
NAM,6,0.073
NAM,7,0.085
NAM,8,0.063
NAM,9,0.131
NAM,38,0.328
NAM,10,0.216
NAM,11,0.291
NAM,12,0.331
NAM,13,0.356
NAM,14,0.376
NAM,15,0.413
NAM,16,0.436
NAM,17,0.448
NAM,18,0.431
NAM,19,0.421
NAM,20,0.394
NAM,21,0.343
NER,34,0.071
NER,36,0.099
NER,6,0.074
NER,7,0.125
NER,8,0.124
NER,9,0.215
NER,38,0.257
NER,10,0.182
NER,11,0.216
NER,12,0.222
NER,13,0.239
NER,14,0.271
NER,15,0.329
NER,16,0.327
NER,17,0.337
NER,18,0.331
NER,19,0.318
NER,20,0.29
NER,21,0.236
NGA,34,0.113
NGA,36,0.126
NGA,6,0.153
NGA,7,0.134
NGA,8,0.098
NGA,9,0.18
NGA,38,0.365
NGA,10,0.258
NGA,11,0.328
NGA,12,0.371
NGA,13,0.407
NGA,14,0.404
NGA,15,0.455
NGA,16,0.472
NGA,17,0.482
NGA,18,0.462
NGA,19,0.446
NGA,20,0.409
NGA,21,0.347
NIC,34,0.157
NIC,36,0.19
NIC,6,0.171
NIC,7,0.237
NIC,8,0.191
NIC,9,0.302
NIC,38,0.558
NIC,10,0.427
NIC,11,0.52
NIC,12,0.581
NIC,13,0.615
NIC,14,0.635
NIC,15,0.662
NIC,16,0.674
NIC,17,0.678
NIC,18,0.66
NIC,19,0.646
NIC,20,0.62
NIC,21,0.574
NLD,34,0.166
NLD,36,0.172
NLD,6,0.178
NLD,7,0.195
NLD,8,0.148
NLD,9,0.278
NLD,38,0.49
NLD,10,0.367
NLD,11,0.424
NLD,12,0.465
NLD,13,0.517
NLD,14,0.547
NLD,15,0.578
NLD,16,0.603
NLD,17,0.616
NLD,18,0.626
NLD,19,0.64
NLD,20,0.618
NLD,21,0.561
NOR,34,0.196
NOR,36,0.181
NOR,6,0.191
NOR,7,0.173
NOR,8,0.165
NOR,9,0.321
NOR,38,0.529
NOR,10,0.41
NOR,11,0.482
NOR,12,0.542
NOR,13,0.586
NOR,14,0.581
NOR,15,0.617
NOR,16,0.629
NOR,17,0.643
NOR,18,0.639
NOR,19,0.625
NOR,20,0.599
NOR,21,0.53
NPL,34,0.033
NPL,36,0.043
NPL,6,0.036
NPL,7,0.056
NPL,8,0.046
NPL,9,0.084
NPL,38,0.13
NPL,10,0.129
NPL,11,0.151
NPL,12,0.155
NPL,13,0.164
NPL,14,0.162
NPL,15,0.155
NPL,16,0.118
NPL,17,0.115
NPL,18,0.108
NPL,19,0.102
NPL,20,0.09
NPL,21,0.07
NZL,34,0.287
NZL,36,0.292
NZL,6,0.255
NZL,7,0.322
NZL,8,0.303
NZL,9,0.521
NZL,38,0.655
NZL,10,0.558
NZL,11,0.634
NZL,12,0.637
NZL,13,0.69
NZL,14,0.693
NZL,15,0.724
NZL,16,0.732
NZL,17,0.745
NZL,18,0.76
NZL,19,0.749
NZL,20,0.684
NZL,21,0.61
OMN,34,0.334
OMN,36,0.33
OMN,6,0.34
OMN,7,0.363
OMN,8,0.282
OMN,9,0.392
OMN,38,0.611
OMN,10,0.5
OMN,11,0.62
OMN,12,0.712
OMN,13,0.72
OMN,14,0.747
OMN,15,0.66
OMN,16,0.652
OMN,17,0.637
OMN,18,0.611
OMN,19,0.604
OMN,20,0.564
OMN,21,0.564
PAK,34,0.113
PAK,36,0.082
PAK,6,0.083
PAK,7,0.068
PAK,8,0.068
PAK,9,0.152
PAK,38,0.331
PAK,10,0.215
PAK,11,0.295
PAK,12,0.388
PAK,13,0.413
PAK,14,0.424
PAK,15,0.383
PAK,16,0.386
PAK,17,0.391
PAK,18,0.383
PAK,19,0.372
PAK,20,0.352
PAK,21,0.318
PAN,34,0.111
PAN,36,0.103
PAN,6,0.107
PAN,7,0.107
PAN,8,0.085
PAN,9,0.146
PAN,38,0.262
PAN,10,0.196
PAN,11,0.226
PAN,12,0.253
PAN,13,0.282
PAN,14,0.297
PAN,15,0.318
PAN,16,0.327
PAN,17,0.332
PAN,18,0.327
PAN,19,0.326
PAN,20,0.311
PAN,21,0.279
PER,34,0.176
PER,36,0.21
PER,6,0.22
PER,7,0.247
PER,8,0.192
PER,9,0.309
PER,38,0.562
PER,10,0.431
PER,11,0.522
PER,12,0.589
PER,13,0.619
PER,14,0.629
PER,15,0.659
PER,16,0.674
PER,17,0.68
PER,18,0.668
PER,19,0.662
PER,20,0.635
PER,21,0.585
PHL,34,0.03
PHL,36,0.055
PHL,6,0.051
PHL,7,0.071
PHL,8,0.064
PHL,9,0.127
PHL,38,0.245
PHL,10,0.183
PHL,11,0.242
PHL,12,0.272
PHL,13,0.287
PHL,14,0.3
PHL,15,0.308
PHL,16,0.299
PHL,17,0.268
PHL,18,0.27
PHL,19,0.239
PHL,20,0.239
PHL,21,0.21
PNG,34,0.169
PNG,36,0.171
PNG,6,0.178
PNG,7,0.191
PNG,8,0.144
PNG,9,0.243
PNG,38,0.429
PNG,10,0.328
PNG,11,0.382
PNG,12,0.421
PNG,13,0.465
PNG,14,0.493
PNG,15,0.521
PNG,16,0.534
PNG,17,0.547
PNG,18,0.525
PNG,19,0.502
PNG,20,0.47
PNG,21,0.412
POL,34,0.21
POL,36,0.199
POL,6,0.19
POL,7,0.211
POL,8,0.186
POL,9,0.284
POL,38,0.568
POL,10,0.399
POL,11,0.485
POL,12,0.534
POL,13,0.575
POL,14,0.635
POL,15,0.688
POL,16,0.724
POL,17,0.756
POL,18,0.789
POL,19,0.77
POL,20,0.714
POL,21,0.68
PRK,34,0.011
PRK,36,0.01
PRK,6,0.01
PRK,7,0.011
PRK,8,0.008
PRK,9,0.014
PRK,38,0.044
PRK,10,0.021
PRK,11,0.025
PRK,12,0.033
PRK,13,0.04
PRK,14,0.067
PRK,15,0.074
PRK,16,0.068
PRK,17,0.068
PRK,18,0.068
PRK,19,0.066
PRK,20,0.058
PRK,21,0.047
PRT,34,0.307
PRT,36,0.279
PRT,6,0.305
PRT,7,0.3
PRT,8,0.205
PRT,9,0.307
PRT,38,0.592
PRT,10,0.442
PRT,11,0.513
PRT,12,0.564
PRT,13,0.648
PRT,14,0.674
PRT,15,0.715
PRT,16,0.747
PRT,17,0.771
PRT,18,0.77
PRT,19,0.714
PRT,20,0.698
PRT,21,0.625
PRY,34,0.168
PRY,36,0.228
PRY,6,0.228
PRY,7,0.283
PRY,8,0.223
PRY,9,0.383
PRY,38,0.68
PRY,10,0.497
PRY,11,0.578
PRY,12,0.642
PRY,13,0.715
PRY,14,0.764
PRY,15,0.812
PRY,16,0.847
PRY,17,0.863
PRY,18,0.859
PRY,19,0.869
PRY,20,0.858
PRY,21,0.838
PSE,34,0.301
PSE,36,0.292
PSE,6,0.294
PSE,7,0.322
PSE,8,0.251
PSE,9,0.428
PSE,38,0.736
PSE,10,0.556
PSE,11,0.647
PSE,12,0.72
PSE,13,0.799
PSE,14,0.85
PSE,15,0.874
PSE,16,0.891
PSE,17,0.894
PSE,18,0.884
PSE,19,0.883
PSE,20,0.869
PSE,21,0.843
QAT,34,0.282
QAT,36,0.282
QAT,6,0.272
QAT,7,0.302
QAT,8,0.272
QAT,9,0.496
QAT,38,0.771
QAT,10,0.65
QAT,11,0.75
QAT,12,0.835
QAT,13,0.873
QAT,14,0.802
QAT,15,0.821
QAT,16,0.856
QAT,17,0.881
QAT,18,0.875
QAT,19,0.852
QAT,20,0.83
QAT,21,0.837
ROU,34,0.166
ROU,36,0.155
ROU,6,0.161
ROU,7,0.169
ROU,8,0.126
ROU,9,0.22
ROU,38,0.554
ROU,10,0.334
ROU,11,0.475
ROU,12,0.522
ROU,13,0.615
ROU,14,0.621
ROU,15,0.703
ROU,16,0.767
ROU,17,0.762
ROU,18,0.714
ROU,19,0.713
ROU,20,0.675
ROU,21,0.781
RUS,34,0.295
RUS,36,0.202
RUS,6,0.183
RUS,7,0.18
RUS,8,0.161
RUS,9,0.248
RUS,38,0.571
RUS,10,0.36
RUS,11,0.459
RUS,12,0.578
RUS,13,0.612
RUS,14,0.682
RUS,15,0.722
RUS,16,0.773
RUS,17,0.778
RUS,18,0.755
RUS,19,0.733
RUS,20,0.702
RUS,21,0.638
RWA,34,0.196
RWA,36,0.149
RWA,6,0.192
RWA,7,0.139
RWA,8,0.072
RWA,9,0.104
RWA,38,0.128
RWA,10,0.11
RWA,11,0.132
RWA,12,0.12
RWA,13,0.126
RWA,14,0.112
RWA,15,0.145
RWA,16,0.149
RWA,17,0.16
RWA,18,0.156
RWA,19,0.153
RWA,20,0.138
RWA,21,0.115
SAU,34,0.263
SAU,36,0.301
SAU,6,0.3
SAU,7,0.316
SAU,8,0.321
SAU,9,0.443
SAU,38,0.711
SAU,10,0.612
SAU,11,0.681
SAU,12,0.746
SAU,13,0.778
SAU,14,0.82
SAU,15,0.804
SAU,16,0.803
SAU,17,0.825
SAU,18,0.78
SAU,19,0.763
SAU,20,0.727
SAU,21,0.718
SDN,34,0.13
SDN,36,0.128
SDN,6,0.131
SDN,7,0.143
SDN,8,0.106
SDN,9,0.178
SDN,38,0.379
SDN,10,0.255
SDN,11,0.318
SDN,12,0.366
SDN,13,0.414
SDN,14,0.444
SDN,15,0.485
SDN,16,0.503
SDN,17,0.511
SDN,18,0.495
SDN,19,0.482
SDN,20,0.446
SDN,21,0.38
SEN,34,0.058
SEN,36,0.06
SEN,6,0.068
SEN,7,0.066
SEN,8,0.047
SEN,9,0.088
SEN,38,0.28
SEN,10,0.133
SEN,11,0.205
SEN,12,0.252
SEN,13,0.308
SEN,14,0.339
SEN,15,0.381
SEN,16,0.421
SEN,17,0.432
SEN,18,0.417
SEN,19,0.4
SEN,20,0.37
SEN,21,0.319
SGP,34,0.179
SGP,36,0.172
SGP,6,0.173
SGP,7,0.19
SGP,8,0.145
SGP,9,0.242
SGP,38,0.382
SGP,10,0.315
SGP,11,0.347
SGP,12,0.387
SGP,13,0.405
SGP,14,0.428
SGP,15,0.448
SGP,16,0.461
SGP,17,0.444
SGP,18,0.437
SGP,19,0.447
SGP,20,0.434
SGP,21,0.382
SLB,34,0.381
SLB,36,0.384
SLB,6,0.395
SLB,7,0.417
SLB,8,0.34
SLB,9,0.479
SLB,38,0.648
SLB,10,0.601
SLB,11,0.685
SLB,12,0.716
SLB,13,0.776
SLB,14,0.742
SLB,15,0.762
SLB,16,0.638
SLB,17,0.628
SLB,18,0.608
SLB,19,0.582
SLB,20,0.542
SLB,21,0.479
SLE,34,0.218
SLE,36,0.185
SLE,6,0.181
SLE,7,0.202
SLE,8,0.143
SLE,9,0.172
SLE,38,0.248
SLE,10,0.186
SLE,11,0.214
SLE,12,0.24
SLE,13,0.261
SLE,14,0.28
SLE,15,0.299
SLE,16,0.315
SLE,17,0.321
SLE,18,0.303
SLE,19,0.293
SLE,20,0.263
SLE,21,0.213
SLV,34,0.128
SLV,36,0.182
SLV,6,0.142
SLV,7,0.246
SLV,8,0.205
SLV,9,0.32
SLV,38,0.554
SLV,10,0.448
SLV,11,0.54
SLV,12,0.565
SLV,13,0.611
SLV,14,0.629
SLV,15,0.641
SLV,16,0.651
SLV,17,0.654
SLV,18,0.636
SLV,19,0.624
SLV,20,0.598
SLV,21,0.542
SOM,34,0.094
SOM,36,0.088
SOM,6,0.095
SOM,7,0.094
SOM,8,0.067
SOM,9,0.114
SOM,38,0.269
SOM,10,0.17
SOM,11,0.215
SOM,12,0.25
SOM,13,0.286
SOM,14,0.307
SOM,15,0.351
SOM,16,0.372
SOM,17,0.383
SOM,18,0.375
SOM,19,0.373
SOM,20,0.343
SOM,21,0.29
SRB,34,0.239
SRB,36,0.211
SRB,6,0.215
SRB,7,0.224
SRB,8,0.168
SRB,9,0.275
SRB,38,0.531
SRB,10,0.357
SRB,11,0.416
SRB,12,0.502
SRB,13,0.56
SRB,14,0.633
SRB,15,0.673
SRB,16,0.719
SRB,17,0.729
SRB,18,0.672
SRB,19,0.672
SRB,20,0.637
SRB,21,0.573
SSD,34,0.196
SSD,36,0.181
SSD,6,0.196
SSD,7,0.191
SSD,8,0.142
SSD,9,0.228
SSD,38,0.446
SSD,10,0.316
SSD,11,0.385
SSD,12,0.431
SSD,13,0.479
SSD,14,0.503
SSD,15,0.548
SSD,16,0.57
SSD,17,0.583
SSD,18,0.573
SSD,19,0.57
SSD,20,0.543
SSD,21,0.484
STP,34,0.178
STP,36,0.155
STP,6,0.173
STP,7,0.155
STP,8,0.118
STP,9,0.185
STP,38,0.387
STP,10,0.271
STP,11,0.343
STP,12,0.404
STP,13,0.433
STP,14,0.449
STP,15,0.496
STP,16,0.486
STP,17,0.498
STP,18,0.474
STP,19,0.464
STP,20,0.427
STP,21,0.36
SUR,34,0.079
SUR,36,0.171
SUR,6,0.129
SUR,7,0.241
SUR,8,0.226
SUR,9,0.344
SUR,38,0.574
SUR,10,0.449
SUR,11,0.521
SUR,12,0.575
SUR,13,0.617
SUR,14,0.64
SUR,15,0.68
SUR,16,0.696
SUR,17,0.704
SUR,18,0.683
SUR,19,0.677
SUR,20,0.645
SUR,21,0.594
SVK,34,0.19
SVK,36,0.171
SVK,6,0.172
SVK,7,0.185
SVK,8,0.14
SVK,9,0.247
SVK,38,0.581
SVK,10,0.394
SVK,11,0.476
SVK,12,0.549
SVK,13,0.578
SVK,14,0.68
SVK,15,0.744
SVK,16,0.79
SVK,17,0.817
SVK,18,0.799
SVK,19,0.769
SVK,20,0.738
SVK,21,0.634
SVN,34,0.312
SVN,36,0.287
SVN,6,0.3
SVN,7,0.324
SVN,8,0.21
SVN,9,0.314
SVN,38,0.588
SVN,10,0.4
SVN,11,0.481
SVN,12,0.581
SVN,13,0.635
SVN,14,0.663
SVN,15,0.707
SVN,16,0.75
SVN,17,0.772
SVN,18,0.767
SVN,19,0.763
SVN,20,0.744
SVN,21,0.676
SWE,34,0.2
SWE,36,0.198
SWE,6,0.203
SWE,7,0.237
SWE,8,0.151
SWE,9,0.269
SWE,38,0.521
SWE,10,0.428
SWE,11,0.466
SWE,12,0.52
SWE,13,0.555
SWE,14,0.577
SWE,15,0.616
SWE,16,0.628
SWE,17,0.636
SWE,18,0.642
SWE,19,0.645
SWE,20,0.621
SWE,21,0.583
SWZ,34,0.219
SWZ,36,0.189
SWZ,6,0.213
SWZ,7,0.183
SWZ,8,0.142
SWZ,9,0.241
SWZ,38,0.524
SWZ,10,0.361
SWZ,11,0.453
SWZ,12,0.519
SWZ,13,0.554
SWZ,14,0.59
SWZ,15,0.649
SWZ,16,0.681
SWZ,17,0.69
SWZ,18,0.673
SWZ,19,0.668
SWZ,20,0.658
SWZ,21,0.633
SYC,34,0.111
SYC,36,0.151
SYC,6,0.168
SYC,7,0.186
SYC,8,0.133
SYC,9,0.276
SYC,38,0.555
SYC,10,0.414
SYC,11,0.482
SYC,12,0.542
SYC,13,0.604
SYC,14,0.647
SYC,15,0.682
SYC,16,0.684
SYC,17,0.698
SYC,18,0.672
SYC,19,0.683
SYC,20,0.673
SYC,21,0.645
SYR,34,0.316
SYR,36,0.331
SYR,6,0.318
SYR,7,0.357
SYR,8,0.329
SYR,9,0.457
SYR,38,0.723
SYR,10,0.6
SYR,11,0.678
SYR,12,0.75
SYR,13,0.797
SYR,14,0.821
SYR,15,0.836
SYR,16,0.841
SYR,17,0.823
SYR,18,0.817
SYR,19,0.801
SYR,20,0.802
SYR,21,0.677
TCD,34,0.103
TCD,36,0.083
TCD,6,0.096
TCD,7,0.078
TCD,8,0.057
TCD,9,0.087
TCD,38,0.201
TCD,10,0.129
TCD,11,0.167
TCD,12,0.197
TCD,13,0.224
TCD,14,0.239
TCD,15,0.266
TCD,16,0.277
TCD,17,0.283
TCD,18,0.266
TCD,19,0.253
TCD,20,0.225
TCD,21,0.177
TGO,34,0.059
TGO,36,0.072
TGO,6,0.073
TGO,7,0.087
TGO,8,0.068
TGO,9,0.122
TGO,38,0.258
TGO,10,0.22
TGO,11,0.263
TGO,12,0.255
TGO,13,0.291
TGO,14,0.282
TGO,15,0.33
TGO,16,0.31
TGO,17,0.316
TGO,18,0.306
TGO,19,0.289
TGO,20,0.265
TGO,21,0.217
THA,34,0.144
THA,36,0.144
THA,6,0.143
THA,7,0.159
THA,8,0.128
THA,9,0.216
THA,38,0.36
THA,10,0.281
THA,11,0.332
THA,12,0.365
THA,13,0.381
THA,14,0.405
THA,15,0.427
THA,16,0.44
THA,17,0.44
THA,18,0.429
THA,19,0.425
THA,20,0.402
THA,21,0.354
TJK,34,0.15
TJK,36,0.132
TJK,6,0.151
TJK,7,0.134
TJK,8,0.093
TJK,9,0.167
TJK,38,0.408
TJK,10,0.249
TJK,11,0.339
TJK,12,0.404
TJK,13,0.459
TJK,14,0.499
TJK,15,0.525
TJK,16,0.546
TJK,17,0.553
TJK,18,0.534
TJK,19,0.52
TJK,20,0.49
TJK,21,0.427
TKM,34,0.244
TKM,36,0.228
TKM,6,0.238
TKM,7,0.245
TKM,8,0.187
TKM,9,0.294
TKM,38,0.536
TKM,10,0.4
TKM,11,0.477
TKM,12,0.531
TKM,13,0.578
TKM,14,0.608
TKM,15,0.648
TKM,16,0.668
TKM,17,0.678
TKM,18,0.661
TKM,19,0.647
TKM,20,0.619
TKM,21,0.56
TLS,34,0.086
TLS,36,0.064
TLS,6,0.075
TLS,7,0.057
TLS,8,0.038
TLS,9,0.03
TLS,38,0.049
TLS,10,0.037
TLS,11,0.052
TLS,12,0.057
TLS,13,0.061
TLS,14,0.068
TLS,15,0.059
TLS,16,0.056
TLS,17,0.043
TLS,18,0.042
TLS,19,0.037
TLS,20,0.036
TLS,21,0.031
TON,34,0.42
TON,36,0.432
TON,6,0.418
TON,7,0.436
TON,8,0.453
TON,9,0.648
TON,38,0.861
TON,10,0.829
TON,11,0.9
TON,12,0.917
TON,13,0.912
TON,14,0.898
TON,15,0.907
TON,16,0.889
TON,17,0.901
TON,18,0.891
TON,19,0.881
TON,20,0.87
TON,21,0.847
TTO,34,0.111
TTO,36,0.202
TTO,6,0.141
TTO,7,0.3
TTO,8,0.248
TTO,9,0.428
TTO,38,0.611
TTO,10,0.488
TTO,11,0.561
TTO,12,0.647
TTO,13,0.711
TTO,14,0.688
TTO,15,0.722
TTO,16,0.675
TTO,17,0.682
TTO,18,0.662
TTO,19,0.652
TTO,20,0.619
TTO,21,0.569
TUN,34,0.157
TUN,36,0.205
TUN,6,0.204
TUN,7,0.257
TUN,8,0.195
TUN,9,0.308
TUN,38,0.547
TUN,10,0.412
TUN,11,0.493
TUN,12,0.545
TUN,13,0.592
TUN,14,0.622
TUN,15,0.657
TUN,16,0.673
TUN,17,0.68
TUN,18,0.667
TUN,19,0.655
TUN,20,0.623
TUN,21,0.559
TUR,34,0.195
TUR,36,0.201
TUR,6,0.204
TUR,7,0.237
TUR,8,0.165
TUR,9,0.297
TUR,38,0.65
TUR,10,0.452
TUR,11,0.573
TUR,12,0.68
TUR,13,0.746
TUR,14,0.784
TUR,15,0.804
TUR,16,0.817
TUR,17,0.821
TUR,18,0.784
TUR,19,0.766
TUR,20,0.74
TUR,21,0.655
TWN,34,0.243
TWN,36,0.218
TWN,6,0.237
TWN,7,0.233
TWN,8,0.162
TWN,9,0.172
TWN,38,0.324
TWN,10,0.243
TWN,11,0.272
TWN,12,0.307
TWN,13,0.337
TWN,14,0.396
TWN,15,0.395
TWN,16,0.42
TWN,17,0.415
TWN,18,0.407
TWN,19,0.414
TWN,20,0.373
TWN,21,0.319
TZA,34,0.108
TZA,36,0.104
TZA,6,0.113
TZA,7,0.115
TZA,8,0.08
TZA,9,0.136
TZA,38,0.298
TZA,10,0.227
TZA,11,0.274
TZA,12,0.297
TZA,13,0.323
TZA,14,0.299
TZA,15,0.365
TZA,16,0.391
TZA,17,0.405
TZA,18,0.385
TZA,19,0.374
TZA,20,0.346
TZA,21,0.3
UGA,34,0.137
UGA,36,0.101
UGA,6,0.123
UGA,7,0.074
UGA,8,0.073
UGA,9,0.087
UGA,38,0.159
UGA,10,0.105
UGA,11,0.143
UGA,12,0.157
UGA,13,0.167
UGA,14,0.171
UGA,15,0.183
UGA,16,0.201
UGA,17,0.211
UGA,18,0.213
UGA,19,0.214
UGA,20,0.197
UGA,21,0.166
UKR,34,0.158
UKR,36,0.152
UKR,6,0.16
UKR,7,0.165
UKR,8,0.124
UKR,9,0.297
UKR,38,0.583
UKR,10,0.413
UKR,11,0.491
UKR,12,0.575
UKR,13,0.623
UKR,14,0.709
UKR,15,0.755
UKR,16,0.737
UKR,17,0.657
UKR,18,0.781
UKR,19,0.758
UKR,20,0.7
UKR,21,0.569
URY,34,0.357
URY,36,0.344
URY,6,0.353
URY,7,0.369
URY,8,0.298
URY,9,0.349
URY,38,0.563
URY,10,0.405
URY,11,0.503
URY,12,0.541
URY,13,0.585
URY,14,0.611
URY,15,0.704
URY,16,0.74
URY,17,0.726
URY,18,0.703
URY,19,0.647
URY,20,0.603
URY,21,0.592
USA,34,0.178
USA,36,0.292
USA,6,0.253
USA,7,0.374
USA,8,0.351
USA,9,0.479
USA,38,0.663
USA,10,0.582
USA,11,0.663
USA,12,0.677
USA,13,0.701
USA,14,0.712
USA,15,0.739
USA,16,0.726
USA,17,0.756
USA,18,0.726
USA,19,0.747
USA,20,0.701
USA,21,0.608
UZB,34,0.289
UZB,36,0.204
UZB,6,0.272
UZB,7,0.159
UZB,8,0.103
UZB,9,0.179
UZB,38,0.479
UZB,10,0.263
UZB,11,0.353
UZB,12,0.451
UZB,13,0.547
UZB,14,0.594
UZB,15,0.611
UZB,16,0.676
UZB,17,0.684
UZB,18,0.666
UZB,19,0.655
UZB,20,0.621
UZB,21,0.559
VCT,34,0.208
VCT,36,0.206
VCT,6,0.214
VCT,7,0.228
VCT,8,0.173
VCT,9,0.276
VCT,38,0.5
VCT,10,0.376
VCT,11,0.444
VCT,12,0.497
VCT,13,0.544
VCT,14,0.567
VCT,15,0.609
VCT,16,0.625
VCT,17,0.632
VCT,18,0.608
VCT,19,0.601
VCT,20,0.565
VCT,21,0.508
VEN,34,0.233
VEN,36,0.229
VEN,6,0.236
VEN,7,0.252
VEN,8,0.195
VEN,9,0.305
VEN,38,0.537
VEN,10,0.409
VEN,11,0.486
VEN,12,0.537
VEN,13,0.584
VEN,14,0.611
VEN,15,0.644
VEN,16,0.66
VEN,17,0.666
VEN,18,0.649
VEN,19,0.635
VEN,20,0.601
VEN,21,0.539
VNM,34,0.084
VNM,36,0.056
VNM,6,0.072
VNM,7,0.045
VNM,8,0.027
VNM,9,0.108
VNM,38,0.131
VNM,10,0.069
VNM,11,0.085
VNM,12,0.118
VNM,13,0.128
VNM,14,0.14
VNM,15,0.166
VNM,16,0.156
VNM,17,0.156
VNM,18,0.205
VNM,19,0.196
VNM,20,0.188
VNM,21,0.168
VUT,34,0.13
VUT,36,0.186
VUT,6,0.146
VUT,7,0.242
VUT,8,0.222
VUT,9,0.298
VUT,38,0.506
VUT,10,0.382
VUT,11,0.458
VUT,12,0.559
VUT,13,0.62
VUT,14,0.636
VUT,15,0.657
VUT,16,0.558
VUT,17,0.556
VUT,18,0.518
VUT,19,0.505
VUT,20,0.487
VUT,21,0.439
WSM,34,0.462
WSM,36,0.459
WSM,6,0.469
WSM,7,0.494
WSM,8,0.411
WSM,9,0.559
WSM,38,0.84
WSM,10,0.674
WSM,11,0.766
WSM,12,0.84
WSM,13,0.912
WSM,14,0.933
WSM,15,0.954
WSM,16,0.968
WSM,17,0.972
WSM,18,0.969
WSM,19,0.966
WSM,20,0.96
WSM,21,0.948
YEM,34,0.173
YEM,36,0.174
YEM,6,0.184
YEM,7,0.193
YEM,8,0.146
YEM,9,0.231
YEM,38,0.438
YEM,10,0.312
YEM,11,0.377
YEM,12,0.424
YEM,13,0.473
YEM,14,0.513
YEM,15,0.55
YEM,16,0.561
YEM,17,0.565
YEM,18,0.547
YEM,19,0.536
YEM,20,0.506
YEM,21,0.448
ZAF,34,0.313
ZAF,36,0.225
ZAF,6,0.211
ZAF,7,0.18
ZAF,8,0.21
ZAF,9,0.352
ZAF,38,0.549
ZAF,10,0.441
ZAF,11,0.504
ZAF,12,0.547
ZAF,13,0.59
ZAF,14,0.614
ZAF,15,0.655
ZAF,16,0.656
ZAF,17,0.649
ZAF,18,0.634
ZAF,19,0.629
ZAF,20,0.611
ZAF,21,0.55
ZMB,34,0.296
ZMB,36,0.207
ZMB,6,0.256
ZMB,7,0.186
ZMB,8,0.098
ZMB,9,0.113
ZMB,38,0.302
ZMB,10,0.185
ZMB,11,0.225
ZMB,12,0.256
ZMB,13,0.28
ZMB,14,0.304
ZMB,15,0.399
ZMB,16,0.443
ZMB,17,0.465
ZMB,18,0.463
ZMB,19,0.468
ZMB,20,0.452
ZMB,21,0.419
ZWE,34,0.125
ZWE,36,0.118
ZWE,6,0.143
ZWE,7,0.118
ZWE,8,0.084
ZWE,9,0.129
ZWE,38,0.297
ZWE,10,0.218
ZWE,11,0.273
ZWE,12,0.307
ZWE,13,0.347
ZWE,14,0.358
ZWE,15,0.419
ZWE,16,0.398
ZWE,17,0.388
ZWE,18,0.302
ZWE,19,0.294
ZWE,20,0.283
ZWE,21,0.256
